{
    "avg_prec": 0.15672166300800325,
    "roc_auc": 0.789677458925272
}